{
  "initial_error": 1033474699.6389576,
  "final_error": 118677509.74126002,
  "iterations": 6,
  "error_reduction": 914797189.8976976,
  "error_reduction_pct": 88.51665069471755
}