{
  "initial_error": 276255.5237847216,
  "final_error": 19.790743193361276,
  "iterations": 4,
  "error_reduction": 276235.73304152826,
  "error_reduction_pct": 99.99283607331277
}