{
  "initial_error": 35483.7307506092,
  "final_error": 129.5207231760322,
  "iterations": 28,
  "error_reduction": 35354.21002743317,
  "error_reduction_pct": 99.63498561048628
}